feature_id	C1_PRETERM_VS_TERM | bladder	C1_PRETERM_VS_TERM | placenta	C1_PRETERM_VS_TERM | uterus	C2_UPEC_VS_PBS_PREGNANCY | bladder	C2_UPEC_VS_PBS_PREGNANCY | placenta	C2_UPEC_VS_PBS_PREGNANCY | uterus	C3_INFECTED_PREGNANT_VS_NONPREGNANT | bladder
COMPLEMENT_ALTERNATIVE	-0.0404714996380272	0.3720849442675417	0.130834045096689	0.2987179578977494	0.1301188306592004	0.961724494107166	0.7048957838255627
COMPLEMENT_C3A_C5A_SIGNALING	-0.5266738017879126	0.3431704758291174	-0.4971530114341522	0.6066408853550672	-0.1757757683686546	0.0680688980830458	0.3184523534868373
COMPLEMENT_C3_CONVERTASE_AMPLIFICATION	0.2020359434638153	0.0205876229426282	0.6627100216153843	0.3000879207652096	-0.0800546490400399	1.1686840835533288	0.643811596451764
COMPLEMENT_CLASSICAL	0.4735556700610808	0.1666802827006261	0.6663628809423575	0.2653474573865672	-0.3581803266020909	0.7159321600271066	0.9339565793762142
COMPLEMENT_COAGULATION_CROSSTALK	-0.4873583777399255	-0.4555306999870017	-0.3220655969583369	0.3667988269137078	-0.0385061427396443	-0.1584186197031355	1.079559418900903
COMPLEMENT_LECTIN	0.3022518246503143	-0.0713421278584395	0.5892011741991348	-0.0687352218142978	-0.101247873556204	-0.559102393695678	1.0957972708101489
COMPLEMENT_OPSONOPHAGOCYTOSIS	0.2878657120830686	0.2790208461456774	0.2985457207804661	0.4245595687724989	-0.2481381092563892	0.8797041911271781	0.6237123005145684
COMPLEMENT_REGULATORS	-0.1151856694214474	-0.216215191060664	0.001188584768105	0.523732131138319	0.4902339741032377	0.7446344914912053	0.3362592898366689
COMPLEMENT_TERMINAL_MAC	0.7169945504312463	-0.0553864091235507	0.5744464349606124	-0.0039671268564699	0.0283417151003333	0.960613721304766	0.7778746537245376
